file,actor,emotion,split
data/ravdess/Actor_01/03-01-01-01-01-01-01.wav,1,neutral,train
data/ravdess/Actor_01/03-01-01-01-01-02-01.wav,1,neutral,train
data/ravdess/Actor_01/03-01-01-01-02-01-01.wav,1,neutral,train
data/ravdess/Actor_01/03-01-01-01-02-02-01.wav,1,neutral,train
data/ravdess/Actor_01/03-01-03-01-01-01-01.wav,1,happy,train
data/ravdess/Actor_01/03-01-03-01-01-02-01.wav,1,happy,train
data/ravdess/Actor_01/03-01-03-01-02-01-01.wav,1,happy,train
data/ravdess/Actor_01/03-01-03-01-02-02-01.wav,1,happy,train
data/ravdess/Actor_01/03-01-03-02-01-01-01.wav,1,happy,train
data/ravdess/Actor_01/03-01-03-02-01-02-01.wav,1,happy,train
data/ravdess/Actor_01/03-01-03-02-02-01-01.wav,1,happy,train
data/ravdess/Actor_01/03-01-03-02-02-02-01.wav,1,happy,train
data/ravdess/Actor_01/03-01-04-01-01-01-01.wav,1,sad,train
data/ravdess/Actor_01/03-01-04-01-01-02-01.wav,1,sad,train
data/ravdess/Actor_01/03-01-04-01-02-01-01.wav,1,sad,train
data/ravdess/Actor_01/03-01-04-01-02-02-01.wav,1,sad,train
data/ravdess/Actor_01/03-01-04-02-01-01-01.wav,1,sad,train
data/ravdess/Actor_01/03-01-04-02-01-02-01.wav,1,sad,train
data/ravdess/Actor_01/03-01-04-02-02-01-01.wav,1,sad,train
data/ravdess/Actor_01/03-01-04-02-02-02-01.wav,1,sad,train
data/ravdess/Actor_01/03-01-05-01-01-01-01.wav,1,angry,train
data/ravdess/Actor_01/03-01-05-01-01-02-01.wav,1,angry,train
data/ravdess/Actor_01/03-01-05-01-02-01-01.wav,1,angry,train
data/ravdess/Actor_01/03-01-05-01-02-02-01.wav,1,angry,train
data/ravdess/Actor_01/03-01-05-02-01-01-01.wav,1,angry,train
data/ravdess/Actor_01/03-01-05-02-01-02-01.wav,1,angry,train
data/ravdess/Actor_01/03-01-05-02-02-01-01.wav,1,angry,train
data/ravdess/Actor_01/03-01-05-02-02-02-01.wav,1,angry,train
data/ravdess/Actor_02/03-01-01-01-01-01-02.wav,2,neutral,train
data/ravdess/Actor_02/03-01-01-01-01-02-02.wav,2,neutral,train
data/ravdess/Actor_02/03-01-01-01-02-01-02.wav,2,neutral,train
data/ravdess/Actor_02/03-01-01-01-02-02-02.wav,2,neutral,train
data/ravdess/Actor_02/03-01-03-01-01-01-02.wav,2,happy,train
data/ravdess/Actor_02/03-01-03-01-01-02-02.wav,2,happy,train
data/ravdess/Actor_02/03-01-03-01-02-01-02.wav,2,happy,train
data/ravdess/Actor_02/03-01-03-01-02-02-02.wav,2,happy,train
data/ravdess/Actor_02/03-01-03-02-01-01-02.wav,2,happy,train
data/ravdess/Actor_02/03-01-03-02-01-02-02.wav,2,happy,train
data/ravdess/Actor_02/03-01-03-02-02-01-02.wav,2,happy,train
data/ravdess/Actor_02/03-01-03-02-02-02-02.wav,2,happy,train
data/ravdess/Actor_02/03-01-04-01-01-01-02.wav,2,sad,train
data/ravdess/Actor_02/03-01-04-01-01-02-02.wav,2,sad,train
data/ravdess/Actor_02/03-01-04-01-02-01-02.wav,2,sad,train
data/ravdess/Actor_02/03-01-04-01-02-02-02.wav,2,sad,train
data/ravdess/Actor_02/03-01-04-02-01-01-02.wav,2,sad,train
data/ravdess/Actor_02/03-01-04-02-01-02-02.wav,2,sad,train
data/ravdess/Actor_02/03-01-04-02-02-01-02.wav,2,sad,train
data/ravdess/Actor_02/03-01-04-02-02-02-02.wav,2,sad,train
data/ravdess/Actor_02/03-01-05-01-01-01-02.wav,2,angry,train
data/ravdess/Actor_02/03-01-05-01-01-02-02.wav,2,angry,train
data/ravdess/Actor_02/03-01-05-01-02-01-02.wav,2,angry,train
data/ravdess/Actor_02/03-01-05-01-02-02-02.wav,2,angry,train
data/ravdess/Actor_02/03-01-05-02-01-01-02.wav,2,angry,train
data/ravdess/Actor_02/03-01-05-02-01-02-02.wav,2,angry,train
data/ravdess/Actor_02/03-01-05-02-02-01-02.wav,2,angry,train
data/ravdess/Actor_02/03-01-05-02-02-02-02.wav,2,angry,train
data/ravdess/Actor_03/03-01-01-01-01-01-03.wav,3,neutral,train
data/ravdess/Actor_03/03-01-01-01-01-02-03.wav,3,neutral,train
data/ravdess/Actor_03/03-01-01-01-02-01-03.wav,3,neutral,train
data/ravdess/Actor_03/03-01-01-01-02-02-03.wav,3,neutral,train
data/ravdess/Actor_03/03-01-03-01-01-01-03.wav,3,happy,train
data/ravdess/Actor_03/03-01-03-01-01-02-03.wav,3,happy,train
data/ravdess/Actor_03/03-01-03-01-02-01-03.wav,3,happy,train
data/ravdess/Actor_03/03-01-03-01-02-02-03.wav,3,happy,train
data/ravdess/Actor_03/03-01-03-02-01-01-03.wav,3,happy,train
data/ravdess/Actor_03/03-01-03-02-01-02-03.wav,3,happy,train
data/ravdess/Actor_03/03-01-03-02-02-01-03.wav,3,happy,train
data/ravdess/Actor_03/03-01-03-02-02-02-03.wav,3,happy,train
data/ravdess/Actor_03/03-01-04-01-01-01-03.wav,3,sad,train
data/ravdess/Actor_03/03-01-04-01-01-02-03.wav,3,sad,train
data/ravdess/Actor_03/03-01-04-01-02-01-03.wav,3,sad,train
data/ravdess/Actor_03/03-01-04-01-02-02-03.wav,3,sad,train
data/ravdess/Actor_03/03-01-04-02-01-01-03.wav,3,sad,train
data/ravdess/Actor_03/03-01-04-02-01-02-03.wav,3,sad,train
data/ravdess/Actor_03/03-01-04-02-02-01-03.wav,3,sad,train
data/ravdess/Actor_03/03-01-04-02-02-02-03.wav,3,sad,train
data/ravdess/Actor_03/03-01-05-01-01-01-03.wav,3,angry,train
data/ravdess/Actor_03/03-01-05-01-01-02-03.wav,3,angry,train
data/ravdess/Actor_03/03-01-05-01-02-01-03.wav,3,angry,train
data/ravdess/Actor_03/03-01-05-01-02-02-03.wav,3,angry,train
data/ravdess/Actor_03/03-01-05-02-01-01-03.wav,3,angry,train
data/ravdess/Actor_03/03-01-05-02-01-02-03.wav,3,angry,train
data/ravdess/Actor_03/03-01-05-02-02-01-03.wav,3,angry,train
data/ravdess/Actor_03/03-01-05-02-02-02-03.wav,3,angry,train
data/ravdess/Actor_04/03-01-01-01-01-01-04.wav,4,neutral,train
data/ravdess/Actor_04/03-01-01-01-01-02-04.wav,4,neutral,train
data/ravdess/Actor_04/03-01-01-01-02-01-04.wav,4,neutral,train
data/ravdess/Actor_04/03-01-01-01-02-02-04.wav,4,neutral,train
data/ravdess/Actor_04/03-01-03-01-01-01-04.wav,4,happy,train
data/ravdess/Actor_04/03-01-03-01-01-02-04.wav,4,happy,train
data/ravdess/Actor_04/03-01-03-01-02-01-04.wav,4,happy,train
data/ravdess/Actor_04/03-01-03-01-02-02-04.wav,4,happy,train
data/ravdess/Actor_04/03-01-03-02-01-01-04.wav,4,happy,train
data/ravdess/Actor_04/03-01-03-02-01-02-04.wav,4,happy,train
data/ravdess/Actor_04/03-01-03-02-02-01-04.wav,4,happy,train
data/ravdess/Actor_04/03-01-03-02-02-02-04.wav,4,happy,train
data/ravdess/Actor_04/03-01-04-01-01-01-04.wav,4,sad,train
data/ravdess/Actor_04/03-01-04-01-01-02-04.wav,4,sad,train
data/ravdess/Actor_04/03-01-04-01-02-01-04.wav,4,sad,train
data/ravdess/Actor_04/03-01-04-01-02-02-04.wav,4,sad,train
data/ravdess/Actor_04/03-01-04-02-01-01-04.wav,4,sad,train
data/ravdess/Actor_04/03-01-04-02-01-02-04.wav,4,sad,train
data/ravdess/Actor_04/03-01-04-02-02-01-04.wav,4,sad,train
data/ravdess/Actor_04/03-01-04-02-02-02-04.wav,4,sad,train
data/ravdess/Actor_04/03-01-05-01-01-01-04.wav,4,angry,train
data/ravdess/Actor_04/03-01-05-01-01-02-04.wav,4,angry,train
data/ravdess/Actor_04/03-01-05-01-02-01-04.wav,4,angry,train
data/ravdess/Actor_04/03-01-05-01-02-02-04.wav,4,angry,train
data/ravdess/Actor_04/03-01-05-02-01-01-04.wav,4,angry,train
data/ravdess/Actor_04/03-01-05-02-01-02-04.wav,4,angry,train
data/ravdess/Actor_04/03-01-05-02-02-01-04.wav,4,angry,train
data/ravdess/Actor_04/03-01-05-02-02-02-04.wav,4,angry,train
data/ravdess/Actor_05/03-01-01-01-01-01-05.wav,5,neutral,train
data/ravdess/Actor_05/03-01-01-01-01-02-05.wav,5,neutral,train
data/ravdess/Actor_05/03-01-01-01-02-01-05.wav,5,neutral,train
data/ravdess/Actor_05/03-01-01-01-02-02-05.wav,5,neutral,train
data/ravdess/Actor_05/03-01-03-01-01-01-05.wav,5,happy,train
data/ravdess/Actor_05/03-01-03-01-01-02-05.wav,5,happy,train
data/ravdess/Actor_05/03-01-03-01-02-01-05.wav,5,happy,train
data/ravdess/Actor_05/03-01-03-01-02-02-05.wav,5,happy,train
data/ravdess/Actor_05/03-01-03-02-01-01-05.wav,5,happy,train
data/ravdess/Actor_05/03-01-03-02-01-02-05.wav,5,happy,train
data/ravdess/Actor_05/03-01-03-02-02-01-05.wav,5,happy,train
data/ravdess/Actor_05/03-01-03-02-02-02-05.wav,5,happy,train
data/ravdess/Actor_05/03-01-04-01-01-01-05.wav,5,sad,train
data/ravdess/Actor_05/03-01-04-01-01-02-05.wav,5,sad,train
data/ravdess/Actor_05/03-01-04-01-02-01-05.wav,5,sad,train
data/ravdess/Actor_05/03-01-04-01-02-02-05.wav,5,sad,train
data/ravdess/Actor_05/03-01-04-02-01-01-05.wav,5,sad,train
data/ravdess/Actor_05/03-01-04-02-01-02-05.wav,5,sad,train
data/ravdess/Actor_05/03-01-04-02-02-01-05.wav,5,sad,train
data/ravdess/Actor_05/03-01-04-02-02-02-05.wav,5,sad,train
data/ravdess/Actor_05/03-01-05-01-01-01-05.wav,5,angry,train
data/ravdess/Actor_05/03-01-05-01-01-02-05.wav,5,angry,train
data/ravdess/Actor_05/03-01-05-01-02-01-05.wav,5,angry,train
data/ravdess/Actor_05/03-01-05-01-02-02-05.wav,5,angry,train
data/ravdess/Actor_05/03-01-05-02-01-01-05.wav,5,angry,train
data/ravdess/Actor_05/03-01-05-02-01-02-05.wav,5,angry,train
data/ravdess/Actor_05/03-01-05-02-02-01-05.wav,5,angry,train
data/ravdess/Actor_05/03-01-05-02-02-02-05.wav,5,angry,train
data/ravdess/Actor_06/03-01-01-01-01-01-06.wav,6,neutral,train
data/ravdess/Actor_06/03-01-01-01-01-02-06.wav,6,neutral,train
data/ravdess/Actor_06/03-01-01-01-02-01-06.wav,6,neutral,train
data/ravdess/Actor_06/03-01-01-01-02-02-06.wav,6,neutral,train
data/ravdess/Actor_06/03-01-03-01-01-01-06.wav,6,happy,train
data/ravdess/Actor_06/03-01-03-01-01-02-06.wav,6,happy,train
data/ravdess/Actor_06/03-01-03-01-02-01-06.wav,6,happy,train
data/ravdess/Actor_06/03-01-03-01-02-02-06.wav,6,happy,train
data/ravdess/Actor_06/03-01-03-02-01-01-06.wav,6,happy,train
data/ravdess/Actor_06/03-01-03-02-01-02-06.wav,6,happy,train
data/ravdess/Actor_06/03-01-03-02-02-01-06.wav,6,happy,train
data/ravdess/Actor_06/03-01-03-02-02-02-06.wav,6,happy,train
data/ravdess/Actor_06/03-01-04-01-01-01-06.wav,6,sad,train
data/ravdess/Actor_06/03-01-04-01-01-02-06.wav,6,sad,train
data/ravdess/Actor_06/03-01-04-01-02-01-06.wav,6,sad,train
data/ravdess/Actor_06/03-01-04-01-02-02-06.wav,6,sad,train
data/ravdess/Actor_06/03-01-04-02-01-01-06.wav,6,sad,train
data/ravdess/Actor_06/03-01-04-02-01-02-06.wav,6,sad,train
data/ravdess/Actor_06/03-01-04-02-02-01-06.wav,6,sad,train
data/ravdess/Actor_06/03-01-04-02-02-02-06.wav,6,sad,train
data/ravdess/Actor_06/03-01-05-01-01-01-06.wav,6,angry,train
data/ravdess/Actor_06/03-01-05-01-01-02-06.wav,6,angry,train
data/ravdess/Actor_06/03-01-05-01-02-01-06.wav,6,angry,train
data/ravdess/Actor_06/03-01-05-01-02-02-06.wav,6,angry,train
data/ravdess/Actor_06/03-01-05-02-01-01-06.wav,6,angry,train
data/ravdess/Actor_06/03-01-05-02-01-02-06.wav,6,angry,train
data/ravdess/Actor_06/03-01-05-02-02-01-06.wav,6,angry,train
data/ravdess/Actor_06/03-01-05-02-02-02-06.wav,6,angry,train
data/ravdess/Actor_07/03-01-01-01-01-01-07.wav,7,neutral,train
data/ravdess/Actor_07/03-01-01-01-01-02-07.wav,7,neutral,train
data/ravdess/Actor_07/03-01-01-01-02-01-07.wav,7,neutral,train
data/ravdess/Actor_07/03-01-01-01-02-02-07.wav,7,neutral,train
data/ravdess/Actor_07/03-01-03-01-01-01-07.wav,7,happy,train
data/ravdess/Actor_07/03-01-03-01-01-02-07.wav,7,happy,train
data/ravdess/Actor_07/03-01-03-01-02-01-07.wav,7,happy,train
data/ravdess/Actor_07/03-01-03-01-02-02-07.wav,7,happy,train
data/ravdess/Actor_07/03-01-03-02-01-01-07.wav,7,happy,train
data/ravdess/Actor_07/03-01-03-02-01-02-07.wav,7,happy,train
data/ravdess/Actor_07/03-01-03-02-02-01-07.wav,7,happy,train
data/ravdess/Actor_07/03-01-03-02-02-02-07.wav,7,happy,train
data/ravdess/Actor_07/03-01-04-01-01-01-07.wav,7,sad,train
data/ravdess/Actor_07/03-01-04-01-01-02-07.wav,7,sad,train
data/ravdess/Actor_07/03-01-04-01-02-01-07.wav,7,sad,train
data/ravdess/Actor_07/03-01-04-01-02-02-07.wav,7,sad,train
data/ravdess/Actor_07/03-01-04-02-01-01-07.wav,7,sad,train
data/ravdess/Actor_07/03-01-04-02-01-02-07.wav,7,sad,train
data/ravdess/Actor_07/03-01-04-02-02-01-07.wav,7,sad,train
data/ravdess/Actor_07/03-01-04-02-02-02-07.wav,7,sad,train
data/ravdess/Actor_07/03-01-05-01-01-01-07.wav,7,angry,train
data/ravdess/Actor_07/03-01-05-01-01-02-07.wav,7,angry,train
data/ravdess/Actor_07/03-01-05-01-02-01-07.wav,7,angry,train
data/ravdess/Actor_07/03-01-05-01-02-02-07.wav,7,angry,train
data/ravdess/Actor_07/03-01-05-02-01-01-07.wav,7,angry,train
data/ravdess/Actor_07/03-01-05-02-01-02-07.wav,7,angry,train
data/ravdess/Actor_07/03-01-05-02-02-01-07.wav,7,angry,train
data/ravdess/Actor_07/03-01-05-02-02-02-07.wav,7,angry,train
data/ravdess/Actor_08/03-01-01-01-01-01-08.wav,8,neutral,train
data/ravdess/Actor_08/03-01-01-01-01-02-08.wav,8,neutral,train
data/ravdess/Actor_08/03-01-01-01-02-01-08.wav,8,neutral,train
data/ravdess/Actor_08/03-01-01-01-02-02-08.wav,8,neutral,train
data/ravdess/Actor_08/03-01-03-01-01-01-08.wav,8,happy,train
data/ravdess/Actor_08/03-01-03-01-01-02-08.wav,8,happy,train
data/ravdess/Actor_08/03-01-03-01-02-01-08.wav,8,happy,train
data/ravdess/Actor_08/03-01-03-01-02-02-08.wav,8,happy,train
data/ravdess/Actor_08/03-01-03-02-01-01-08.wav,8,happy,train
data/ravdess/Actor_08/03-01-03-02-01-02-08.wav,8,happy,train
data/ravdess/Actor_08/03-01-03-02-02-01-08.wav,8,happy,train
data/ravdess/Actor_08/03-01-03-02-02-02-08.wav,8,happy,train
data/ravdess/Actor_08/03-01-04-01-01-01-08.wav,8,sad,train
data/ravdess/Actor_08/03-01-04-01-01-02-08.wav,8,sad,train
data/ravdess/Actor_08/03-01-04-01-02-01-08.wav,8,sad,train
data/ravdess/Actor_08/03-01-04-01-02-02-08.wav,8,sad,train
data/ravdess/Actor_08/03-01-04-02-01-01-08.wav,8,sad,train
data/ravdess/Actor_08/03-01-04-02-01-02-08.wav,8,sad,train
data/ravdess/Actor_08/03-01-04-02-02-01-08.wav,8,sad,train
data/ravdess/Actor_08/03-01-04-02-02-02-08.wav,8,sad,train
data/ravdess/Actor_08/03-01-05-01-01-01-08.wav,8,angry,train
data/ravdess/Actor_08/03-01-05-01-01-02-08.wav,8,angry,train
data/ravdess/Actor_08/03-01-05-01-02-01-08.wav,8,angry,train
data/ravdess/Actor_08/03-01-05-01-02-02-08.wav,8,angry,train
data/ravdess/Actor_08/03-01-05-02-01-01-08.wav,8,angry,train
data/ravdess/Actor_08/03-01-05-02-01-02-08.wav,8,angry,train
data/ravdess/Actor_08/03-01-05-02-02-01-08.wav,8,angry,train
data/ravdess/Actor_08/03-01-05-02-02-02-08.wav,8,angry,train
data/ravdess/Actor_09/03-01-01-01-01-01-09.wav,9,neutral,train
data/ravdess/Actor_09/03-01-01-01-01-02-09.wav,9,neutral,train
data/ravdess/Actor_09/03-01-01-01-02-01-09.wav,9,neutral,train
data/ravdess/Actor_09/03-01-01-01-02-02-09.wav,9,neutral,train
data/ravdess/Actor_09/03-01-03-01-01-01-09.wav,9,happy,train
data/ravdess/Actor_09/03-01-03-01-01-02-09.wav,9,happy,train
data/ravdess/Actor_09/03-01-03-01-02-01-09.wav,9,happy,train
data/ravdess/Actor_09/03-01-03-01-02-02-09.wav,9,happy,train
data/ravdess/Actor_09/03-01-03-02-01-01-09.wav,9,happy,train
data/ravdess/Actor_09/03-01-03-02-01-02-09.wav,9,happy,train
data/ravdess/Actor_09/03-01-03-02-02-01-09.wav,9,happy,train
data/ravdess/Actor_09/03-01-03-02-02-02-09.wav,9,happy,train
data/ravdess/Actor_09/03-01-04-01-01-01-09.wav,9,sad,train
data/ravdess/Actor_09/03-01-04-01-01-02-09.wav,9,sad,train
data/ravdess/Actor_09/03-01-04-01-02-01-09.wav,9,sad,train
data/ravdess/Actor_09/03-01-04-01-02-02-09.wav,9,sad,train
data/ravdess/Actor_09/03-01-04-02-01-01-09.wav,9,sad,train
data/ravdess/Actor_09/03-01-04-02-01-02-09.wav,9,sad,train
data/ravdess/Actor_09/03-01-04-02-02-01-09.wav,9,sad,train
data/ravdess/Actor_09/03-01-04-02-02-02-09.wav,9,sad,train
data/ravdess/Actor_09/03-01-05-01-01-01-09.wav,9,angry,train
data/ravdess/Actor_09/03-01-05-01-01-02-09.wav,9,angry,train
data/ravdess/Actor_09/03-01-05-01-02-01-09.wav,9,angry,train
data/ravdess/Actor_09/03-01-05-01-02-02-09.wav,9,angry,train
data/ravdess/Actor_09/03-01-05-02-01-01-09.wav,9,angry,train
data/ravdess/Actor_09/03-01-05-02-01-02-09.wav,9,angry,train
data/ravdess/Actor_09/03-01-05-02-02-01-09.wav,9,angry,train
data/ravdess/Actor_09/03-01-05-02-02-02-09.wav,9,angry,train
data/ravdess/Actor_10/03-01-01-01-01-01-10.wav,10,neutral,train
data/ravdess/Actor_10/03-01-01-01-01-02-10.wav,10,neutral,train
data/ravdess/Actor_10/03-01-01-01-02-01-10.wav,10,neutral,train
data/ravdess/Actor_10/03-01-01-01-02-02-10.wav,10,neutral,train
data/ravdess/Actor_10/03-01-03-01-01-01-10.wav,10,happy,train
data/ravdess/Actor_10/03-01-03-01-01-02-10.wav,10,happy,train
data/ravdess/Actor_10/03-01-03-01-02-01-10.wav,10,happy,train
data/ravdess/Actor_10/03-01-03-01-02-02-10.wav,10,happy,train
data/ravdess/Actor_10/03-01-03-02-01-01-10.wav,10,happy,train
data/ravdess/Actor_10/03-01-03-02-01-02-10.wav,10,happy,train
data/ravdess/Actor_10/03-01-03-02-02-01-10.wav,10,happy,train
data/ravdess/Actor_10/03-01-03-02-02-02-10.wav,10,happy,train
data/ravdess/Actor_10/03-01-04-01-01-01-10.wav,10,sad,train
data/ravdess/Actor_10/03-01-04-01-01-02-10.wav,10,sad,train
data/ravdess/Actor_10/03-01-04-01-02-01-10.wav,10,sad,train
data/ravdess/Actor_10/03-01-04-01-02-02-10.wav,10,sad,train
data/ravdess/Actor_10/03-01-04-02-01-01-10.wav,10,sad,train
data/ravdess/Actor_10/03-01-04-02-01-02-10.wav,10,sad,train
data/ravdess/Actor_10/03-01-04-02-02-01-10.wav,10,sad,train
data/ravdess/Actor_10/03-01-04-02-02-02-10.wav,10,sad,train
data/ravdess/Actor_10/03-01-05-01-01-01-10.wav,10,angry,train
data/ravdess/Actor_10/03-01-05-01-01-02-10.wav,10,angry,train
data/ravdess/Actor_10/03-01-05-01-02-01-10.wav,10,angry,train
data/ravdess/Actor_10/03-01-05-01-02-02-10.wav,10,angry,train
data/ravdess/Actor_10/03-01-05-02-01-01-10.wav,10,angry,train
data/ravdess/Actor_10/03-01-05-02-01-02-10.wav,10,angry,train
data/ravdess/Actor_10/03-01-05-02-02-01-10.wav,10,angry,train
data/ravdess/Actor_10/03-01-05-02-02-02-10.wav,10,angry,train
data/ravdess/Actor_11/03-01-01-01-01-01-11.wav,11,neutral,train
data/ravdess/Actor_11/03-01-01-01-01-02-11.wav,11,neutral,train
data/ravdess/Actor_11/03-01-01-01-02-01-11.wav,11,neutral,train
data/ravdess/Actor_11/03-01-01-01-02-02-11.wav,11,neutral,train
data/ravdess/Actor_11/03-01-03-01-01-01-11.wav,11,happy,train
data/ravdess/Actor_11/03-01-03-01-01-02-11.wav,11,happy,train
data/ravdess/Actor_11/03-01-03-01-02-01-11.wav,11,happy,train
data/ravdess/Actor_11/03-01-03-01-02-02-11.wav,11,happy,train
data/ravdess/Actor_11/03-01-03-02-01-01-11.wav,11,happy,train
data/ravdess/Actor_11/03-01-03-02-01-02-11.wav,11,happy,train
data/ravdess/Actor_11/03-01-03-02-02-01-11.wav,11,happy,train
data/ravdess/Actor_11/03-01-03-02-02-02-11.wav,11,happy,train
data/ravdess/Actor_11/03-01-04-01-01-01-11.wav,11,sad,train
data/ravdess/Actor_11/03-01-04-01-01-02-11.wav,11,sad,train
data/ravdess/Actor_11/03-01-04-01-02-01-11.wav,11,sad,train
data/ravdess/Actor_11/03-01-04-01-02-02-11.wav,11,sad,train
data/ravdess/Actor_11/03-01-04-02-01-01-11.wav,11,sad,train
data/ravdess/Actor_11/03-01-04-02-01-02-11.wav,11,sad,train
data/ravdess/Actor_11/03-01-04-02-02-01-11.wav,11,sad,train
data/ravdess/Actor_11/03-01-04-02-02-02-11.wav,11,sad,train
data/ravdess/Actor_11/03-01-05-01-01-01-11.wav,11,angry,train
data/ravdess/Actor_11/03-01-05-01-01-02-11.wav,11,angry,train
data/ravdess/Actor_11/03-01-05-01-02-01-11.wav,11,angry,train
data/ravdess/Actor_11/03-01-05-01-02-02-11.wav,11,angry,train
data/ravdess/Actor_11/03-01-05-02-01-01-11.wav,11,angry,train
data/ravdess/Actor_11/03-01-05-02-01-02-11.wav,11,angry,train
data/ravdess/Actor_11/03-01-05-02-02-01-11.wav,11,angry,train
data/ravdess/Actor_11/03-01-05-02-02-02-11.wav,11,angry,train
data/ravdess/Actor_12/03-01-01-01-01-01-12.wav,12,neutral,train
data/ravdess/Actor_12/03-01-01-01-01-02-12.wav,12,neutral,train
data/ravdess/Actor_12/03-01-01-01-02-01-12.wav,12,neutral,train
data/ravdess/Actor_12/03-01-01-01-02-02-12.wav,12,neutral,train
data/ravdess/Actor_12/03-01-03-01-01-01-12.wav,12,happy,train
data/ravdess/Actor_12/03-01-03-01-01-02-12.wav,12,happy,train
data/ravdess/Actor_12/03-01-03-01-02-01-12.wav,12,happy,train
data/ravdess/Actor_12/03-01-03-01-02-02-12.wav,12,happy,train
data/ravdess/Actor_12/03-01-03-02-01-01-12.wav,12,happy,train
data/ravdess/Actor_12/03-01-03-02-01-02-12.wav,12,happy,train
data/ravdess/Actor_12/03-01-03-02-02-01-12.wav,12,happy,train
data/ravdess/Actor_12/03-01-03-02-02-02-12.wav,12,happy,train
data/ravdess/Actor_12/03-01-04-01-01-01-12.wav,12,sad,train
data/ravdess/Actor_12/03-01-04-01-01-02-12.wav,12,sad,train
data/ravdess/Actor_12/03-01-04-01-02-01-12.wav,12,sad,train
data/ravdess/Actor_12/03-01-04-01-02-02-12.wav,12,sad,train
data/ravdess/Actor_12/03-01-04-02-01-01-12.wav,12,sad,train
data/ravdess/Actor_12/03-01-04-02-01-02-12.wav,12,sad,train
data/ravdess/Actor_12/03-01-04-02-02-01-12.wav,12,sad,train
data/ravdess/Actor_12/03-01-04-02-02-02-12.wav,12,sad,train
data/ravdess/Actor_12/03-01-05-01-01-01-12.wav,12,angry,train
data/ravdess/Actor_12/03-01-05-01-01-02-12.wav,12,angry,train
data/ravdess/Actor_12/03-01-05-01-02-01-12.wav,12,angry,train
data/ravdess/Actor_12/03-01-05-01-02-02-12.wav,12,angry,train
data/ravdess/Actor_12/03-01-05-02-01-01-12.wav,12,angry,train
data/ravdess/Actor_12/03-01-05-02-01-02-12.wav,12,angry,train
data/ravdess/Actor_12/03-01-05-02-02-01-12.wav,12,angry,train
data/ravdess/Actor_12/03-01-05-02-02-02-12.wav,12,angry,train
data/ravdess/Actor_13/03-01-01-01-01-01-13.wav,13,neutral,train
data/ravdess/Actor_13/03-01-01-01-01-02-13.wav,13,neutral,train
data/ravdess/Actor_13/03-01-01-01-02-01-13.wav,13,neutral,train
data/ravdess/Actor_13/03-01-01-01-02-02-13.wav,13,neutral,train
data/ravdess/Actor_13/03-01-03-01-01-01-13.wav,13,happy,train
data/ravdess/Actor_13/03-01-03-01-01-02-13.wav,13,happy,train
data/ravdess/Actor_13/03-01-03-01-02-01-13.wav,13,happy,train
data/ravdess/Actor_13/03-01-03-01-02-02-13.wav,13,happy,train
data/ravdess/Actor_13/03-01-03-02-01-01-13.wav,13,happy,train
data/ravdess/Actor_13/03-01-03-02-01-02-13.wav,13,happy,train
data/ravdess/Actor_13/03-01-03-02-02-01-13.wav,13,happy,train
data/ravdess/Actor_13/03-01-03-02-02-02-13.wav,13,happy,train
data/ravdess/Actor_13/03-01-04-01-01-01-13.wav,13,sad,train
data/ravdess/Actor_13/03-01-04-01-01-02-13.wav,13,sad,train
data/ravdess/Actor_13/03-01-04-01-02-01-13.wav,13,sad,train
data/ravdess/Actor_13/03-01-04-01-02-02-13.wav,13,sad,train
data/ravdess/Actor_13/03-01-04-02-01-01-13.wav,13,sad,train
data/ravdess/Actor_13/03-01-04-02-01-02-13.wav,13,sad,train
data/ravdess/Actor_13/03-01-04-02-02-01-13.wav,13,sad,train
data/ravdess/Actor_13/03-01-04-02-02-02-13.wav,13,sad,train
data/ravdess/Actor_13/03-01-05-01-01-01-13.wav,13,angry,train
data/ravdess/Actor_13/03-01-05-01-01-02-13.wav,13,angry,train
data/ravdess/Actor_13/03-01-05-01-02-01-13.wav,13,angry,train
data/ravdess/Actor_13/03-01-05-01-02-02-13.wav,13,angry,train
data/ravdess/Actor_13/03-01-05-02-01-01-13.wav,13,angry,train
data/ravdess/Actor_13/03-01-05-02-01-02-13.wav,13,angry,train
data/ravdess/Actor_13/03-01-05-02-02-01-13.wav,13,angry,train
data/ravdess/Actor_13/03-01-05-02-02-02-13.wav,13,angry,train
data/ravdess/Actor_14/03-01-01-01-01-01-14.wav,14,neutral,train
data/ravdess/Actor_14/03-01-01-01-01-02-14.wav,14,neutral,train
data/ravdess/Actor_14/03-01-01-01-02-01-14.wav,14,neutral,train
data/ravdess/Actor_14/03-01-01-01-02-02-14.wav,14,neutral,train
data/ravdess/Actor_14/03-01-03-01-01-01-14.wav,14,happy,train
data/ravdess/Actor_14/03-01-03-01-01-02-14.wav,14,happy,train
data/ravdess/Actor_14/03-01-03-01-02-01-14.wav,14,happy,train
data/ravdess/Actor_14/03-01-03-01-02-02-14.wav,14,happy,train
data/ravdess/Actor_14/03-01-03-02-01-01-14.wav,14,happy,train
data/ravdess/Actor_14/03-01-03-02-01-02-14.wav,14,happy,train
data/ravdess/Actor_14/03-01-03-02-02-01-14.wav,14,happy,train
data/ravdess/Actor_14/03-01-03-02-02-02-14.wav,14,happy,train
data/ravdess/Actor_14/03-01-04-01-01-01-14.wav,14,sad,train
data/ravdess/Actor_14/03-01-04-01-01-02-14.wav,14,sad,train
data/ravdess/Actor_14/03-01-04-01-02-01-14.wav,14,sad,train
data/ravdess/Actor_14/03-01-04-01-02-02-14.wav,14,sad,train
data/ravdess/Actor_14/03-01-04-02-01-01-14.wav,14,sad,train
data/ravdess/Actor_14/03-01-04-02-01-02-14.wav,14,sad,train
data/ravdess/Actor_14/03-01-04-02-02-01-14.wav,14,sad,train
data/ravdess/Actor_14/03-01-04-02-02-02-14.wav,14,sad,train
data/ravdess/Actor_14/03-01-05-01-01-01-14.wav,14,angry,train
data/ravdess/Actor_14/03-01-05-01-01-02-14.wav,14,angry,train
data/ravdess/Actor_14/03-01-05-01-02-01-14.wav,14,angry,train
data/ravdess/Actor_14/03-01-05-01-02-02-14.wav,14,angry,train
data/ravdess/Actor_14/03-01-05-02-01-01-14.wav,14,angry,train
data/ravdess/Actor_14/03-01-05-02-01-02-14.wav,14,angry,train
data/ravdess/Actor_14/03-01-05-02-02-01-14.wav,14,angry,train
data/ravdess/Actor_14/03-01-05-02-02-02-14.wav,14,angry,train
data/ravdess/Actor_15/03-01-01-01-01-01-15.wav,15,neutral,train
data/ravdess/Actor_15/03-01-01-01-01-02-15.wav,15,neutral,train
data/ravdess/Actor_15/03-01-01-01-02-01-15.wav,15,neutral,train
data/ravdess/Actor_15/03-01-01-01-02-02-15.wav,15,neutral,train
data/ravdess/Actor_15/03-01-03-01-01-01-15.wav,15,happy,train
data/ravdess/Actor_15/03-01-03-01-01-02-15.wav,15,happy,train
data/ravdess/Actor_15/03-01-03-01-02-01-15.wav,15,happy,train
data/ravdess/Actor_15/03-01-03-01-02-02-15.wav,15,happy,train
data/ravdess/Actor_15/03-01-03-02-01-01-15.wav,15,happy,train
data/ravdess/Actor_15/03-01-03-02-01-02-15.wav,15,happy,train
data/ravdess/Actor_15/03-01-03-02-02-01-15.wav,15,happy,train
data/ravdess/Actor_15/03-01-03-02-02-02-15.wav,15,happy,train
data/ravdess/Actor_15/03-01-04-01-01-01-15.wav,15,sad,train
data/ravdess/Actor_15/03-01-04-01-01-02-15.wav,15,sad,train
data/ravdess/Actor_15/03-01-04-01-02-01-15.wav,15,sad,train
data/ravdess/Actor_15/03-01-04-01-02-02-15.wav,15,sad,train
data/ravdess/Actor_15/03-01-04-02-01-01-15.wav,15,sad,train
data/ravdess/Actor_15/03-01-04-02-01-02-15.wav,15,sad,train
data/ravdess/Actor_15/03-01-04-02-02-01-15.wav,15,sad,train
data/ravdess/Actor_15/03-01-04-02-02-02-15.wav,15,sad,train
data/ravdess/Actor_15/03-01-05-01-01-01-15.wav,15,angry,train
data/ravdess/Actor_15/03-01-05-01-01-02-15.wav,15,angry,train
data/ravdess/Actor_15/03-01-05-01-02-01-15.wav,15,angry,train
data/ravdess/Actor_15/03-01-05-01-02-02-15.wav,15,angry,train
data/ravdess/Actor_15/03-01-05-02-01-01-15.wav,15,angry,train
data/ravdess/Actor_15/03-01-05-02-01-02-15.wav,15,angry,train
data/ravdess/Actor_15/03-01-05-02-02-01-15.wav,15,angry,train
data/ravdess/Actor_15/03-01-05-02-02-02-15.wav,15,angry,train
data/ravdess/Actor_16/03-01-01-01-01-01-16.wav,16,neutral,train
data/ravdess/Actor_16/03-01-01-01-01-02-16.wav,16,neutral,train
data/ravdess/Actor_16/03-01-01-01-02-01-16.wav,16,neutral,train
data/ravdess/Actor_16/03-01-01-01-02-02-16.wav,16,neutral,train
data/ravdess/Actor_16/03-01-03-01-01-01-16.wav,16,happy,train
data/ravdess/Actor_16/03-01-03-01-01-02-16.wav,16,happy,train
data/ravdess/Actor_16/03-01-03-01-02-01-16.wav,16,happy,train
data/ravdess/Actor_16/03-01-03-01-02-02-16.wav,16,happy,train
data/ravdess/Actor_16/03-01-03-02-01-01-16.wav,16,happy,train
data/ravdess/Actor_16/03-01-03-02-01-02-16.wav,16,happy,train
data/ravdess/Actor_16/03-01-03-02-02-01-16.wav,16,happy,train
data/ravdess/Actor_16/03-01-03-02-02-02-16.wav,16,happy,train
data/ravdess/Actor_16/03-01-04-01-01-01-16.wav,16,sad,train
data/ravdess/Actor_16/03-01-04-01-01-02-16.wav,16,sad,train
data/ravdess/Actor_16/03-01-04-01-02-01-16.wav,16,sad,train
data/ravdess/Actor_16/03-01-04-01-02-02-16.wav,16,sad,train
data/ravdess/Actor_16/03-01-04-02-01-01-16.wav,16,sad,train
data/ravdess/Actor_16/03-01-04-02-01-02-16.wav,16,sad,train
data/ravdess/Actor_16/03-01-04-02-02-01-16.wav,16,sad,train
data/ravdess/Actor_16/03-01-04-02-02-02-16.wav,16,sad,train
data/ravdess/Actor_16/03-01-05-01-01-01-16.wav,16,angry,train
data/ravdess/Actor_16/03-01-05-01-01-02-16.wav,16,angry,train
data/ravdess/Actor_16/03-01-05-01-02-01-16.wav,16,angry,train
data/ravdess/Actor_16/03-01-05-01-02-02-16.wav,16,angry,train
data/ravdess/Actor_16/03-01-05-02-01-01-16.wav,16,angry,train
data/ravdess/Actor_16/03-01-05-02-01-02-16.wav,16,angry,train
data/ravdess/Actor_16/03-01-05-02-02-01-16.wav,16,angry,train
data/ravdess/Actor_16/03-01-05-02-02-02-16.wav,16,angry,train
data/ravdess/Actor_17/03-01-01-01-01-01-17.wav,17,neutral,validation
data/ravdess/Actor_17/03-01-01-01-01-02-17.wav,17,neutral,validation
data/ravdess/Actor_17/03-01-01-01-02-01-17.wav,17,neutral,validation
data/ravdess/Actor_17/03-01-01-01-02-02-17.wav,17,neutral,validation
data/ravdess/Actor_17/03-01-03-01-01-01-17.wav,17,happy,validation
data/ravdess/Actor_17/03-01-03-01-01-02-17.wav,17,happy,validation
data/ravdess/Actor_17/03-01-03-01-02-01-17.wav,17,happy,validation
data/ravdess/Actor_17/03-01-03-01-02-02-17.wav,17,happy,validation
data/ravdess/Actor_17/03-01-03-02-01-01-17.wav,17,happy,validation
data/ravdess/Actor_17/03-01-03-02-01-02-17.wav,17,happy,validation
data/ravdess/Actor_17/03-01-03-02-02-01-17.wav,17,happy,validation
data/ravdess/Actor_17/03-01-03-02-02-02-17.wav,17,happy,validation
data/ravdess/Actor_17/03-01-04-01-01-01-17.wav,17,sad,validation
data/ravdess/Actor_17/03-01-04-01-01-02-17.wav,17,sad,validation
data/ravdess/Actor_17/03-01-04-01-02-01-17.wav,17,sad,validation
data/ravdess/Actor_17/03-01-04-01-02-02-17.wav,17,sad,validation
data/ravdess/Actor_17/03-01-04-02-01-01-17.wav,17,sad,validation
data/ravdess/Actor_17/03-01-04-02-01-02-17.wav,17,sad,validation
data/ravdess/Actor_17/03-01-04-02-02-01-17.wav,17,sad,validation
data/ravdess/Actor_17/03-01-04-02-02-02-17.wav,17,sad,validation
data/ravdess/Actor_17/03-01-05-01-01-01-17.wav,17,angry,validation
data/ravdess/Actor_17/03-01-05-01-01-02-17.wav,17,angry,validation
data/ravdess/Actor_17/03-01-05-01-02-01-17.wav,17,angry,validation
data/ravdess/Actor_17/03-01-05-01-02-02-17.wav,17,angry,validation
data/ravdess/Actor_17/03-01-05-02-01-01-17.wav,17,angry,validation
data/ravdess/Actor_17/03-01-05-02-01-02-17.wav,17,angry,validation
data/ravdess/Actor_17/03-01-05-02-02-01-17.wav,17,angry,validation
data/ravdess/Actor_17/03-01-05-02-02-02-17.wav,17,angry,validation
data/ravdess/Actor_18/03-01-01-01-01-01-18.wav,18,neutral,validation
data/ravdess/Actor_18/03-01-01-01-01-02-18.wav,18,neutral,validation
data/ravdess/Actor_18/03-01-01-01-02-01-18.wav,18,neutral,validation
data/ravdess/Actor_18/03-01-01-01-02-02-18.wav,18,neutral,validation
data/ravdess/Actor_18/03-01-03-01-01-01-18.wav,18,happy,validation
data/ravdess/Actor_18/03-01-03-01-01-02-18.wav,18,happy,validation
data/ravdess/Actor_18/03-01-03-01-02-01-18.wav,18,happy,validation
data/ravdess/Actor_18/03-01-03-01-02-02-18.wav,18,happy,validation
data/ravdess/Actor_18/03-01-03-02-01-01-18.wav,18,happy,validation
data/ravdess/Actor_18/03-01-03-02-01-02-18.wav,18,happy,validation
data/ravdess/Actor_18/03-01-03-02-02-01-18.wav,18,happy,validation
data/ravdess/Actor_18/03-01-03-02-02-02-18.wav,18,happy,validation
data/ravdess/Actor_18/03-01-04-01-01-01-18.wav,18,sad,validation
data/ravdess/Actor_18/03-01-04-01-01-02-18.wav,18,sad,validation
data/ravdess/Actor_18/03-01-04-01-02-01-18.wav,18,sad,validation
data/ravdess/Actor_18/03-01-04-01-02-02-18.wav,18,sad,validation
data/ravdess/Actor_18/03-01-04-02-01-01-18.wav,18,sad,validation
data/ravdess/Actor_18/03-01-04-02-01-02-18.wav,18,sad,validation
data/ravdess/Actor_18/03-01-04-02-02-01-18.wav,18,sad,validation
data/ravdess/Actor_18/03-01-04-02-02-02-18.wav,18,sad,validation
data/ravdess/Actor_18/03-01-05-01-01-01-18.wav,18,angry,validation
data/ravdess/Actor_18/03-01-05-01-01-02-18.wav,18,angry,validation
data/ravdess/Actor_18/03-01-05-01-02-01-18.wav,18,angry,validation
data/ravdess/Actor_18/03-01-05-01-02-02-18.wav,18,angry,validation
data/ravdess/Actor_18/03-01-05-02-01-01-18.wav,18,angry,validation
data/ravdess/Actor_18/03-01-05-02-01-02-18.wav,18,angry,validation
data/ravdess/Actor_18/03-01-05-02-02-01-18.wav,18,angry,validation
data/ravdess/Actor_18/03-01-05-02-02-02-18.wav,18,angry,validation
data/ravdess/Actor_19/03-01-01-01-01-01-19.wav,19,neutral,validation
data/ravdess/Actor_19/03-01-01-01-01-02-19.wav,19,neutral,validation
data/ravdess/Actor_19/03-01-01-01-02-01-19.wav,19,neutral,validation
data/ravdess/Actor_19/03-01-01-01-02-02-19.wav,19,neutral,validation
data/ravdess/Actor_19/03-01-03-01-01-01-19.wav,19,happy,validation
data/ravdess/Actor_19/03-01-03-01-01-02-19.wav,19,happy,validation
data/ravdess/Actor_19/03-01-03-01-02-01-19.wav,19,happy,validation
data/ravdess/Actor_19/03-01-03-01-02-02-19.wav,19,happy,validation
data/ravdess/Actor_19/03-01-03-02-01-01-19.wav,19,happy,validation
data/ravdess/Actor_19/03-01-03-02-01-02-19.wav,19,happy,validation
data/ravdess/Actor_19/03-01-03-02-02-01-19.wav,19,happy,validation
data/ravdess/Actor_19/03-01-03-02-02-02-19.wav,19,happy,validation
data/ravdess/Actor_19/03-01-04-01-01-01-19.wav,19,sad,validation
data/ravdess/Actor_19/03-01-04-01-01-02-19.wav,19,sad,validation
data/ravdess/Actor_19/03-01-04-01-02-01-19.wav,19,sad,validation
data/ravdess/Actor_19/03-01-04-01-02-02-19.wav,19,sad,validation
data/ravdess/Actor_19/03-01-04-02-01-01-19.wav,19,sad,validation
data/ravdess/Actor_19/03-01-04-02-01-02-19.wav,19,sad,validation
data/ravdess/Actor_19/03-01-04-02-02-01-19.wav,19,sad,validation
data/ravdess/Actor_19/03-01-04-02-02-02-19.wav,19,sad,validation
data/ravdess/Actor_19/03-01-05-01-01-01-19.wav,19,angry,validation
data/ravdess/Actor_19/03-01-05-01-01-02-19.wav,19,angry,validation
data/ravdess/Actor_19/03-01-05-01-02-01-19.wav,19,angry,validation
data/ravdess/Actor_19/03-01-05-01-02-02-19.wav,19,angry,validation
data/ravdess/Actor_19/03-01-05-02-01-01-19.wav,19,angry,validation
data/ravdess/Actor_19/03-01-05-02-01-02-19.wav,19,angry,validation
data/ravdess/Actor_19/03-01-05-02-02-01-19.wav,19,angry,validation
data/ravdess/Actor_19/03-01-05-02-02-02-19.wav,19,angry,validation
data/ravdess/Actor_20/03-01-01-01-01-01-20.wav,20,neutral,validation
data/ravdess/Actor_20/03-01-01-01-01-02-20.wav,20,neutral,validation
data/ravdess/Actor_20/03-01-01-01-02-01-20.wav,20,neutral,validation
data/ravdess/Actor_20/03-01-01-01-02-02-20.wav,20,neutral,validation
data/ravdess/Actor_20/03-01-03-01-01-01-20.wav,20,happy,validation
data/ravdess/Actor_20/03-01-03-01-01-02-20.wav,20,happy,validation
data/ravdess/Actor_20/03-01-03-01-02-01-20.wav,20,happy,validation
data/ravdess/Actor_20/03-01-03-01-02-02-20.wav,20,happy,validation
data/ravdess/Actor_20/03-01-03-02-01-01-20.wav,20,happy,validation
data/ravdess/Actor_20/03-01-03-02-01-02-20.wav,20,happy,validation
data/ravdess/Actor_20/03-01-03-02-02-01-20.wav,20,happy,validation
data/ravdess/Actor_20/03-01-03-02-02-02-20.wav,20,happy,validation
data/ravdess/Actor_20/03-01-04-01-01-01-20.wav,20,sad,validation
data/ravdess/Actor_20/03-01-04-01-01-02-20.wav,20,sad,validation
data/ravdess/Actor_20/03-01-04-01-02-01-20.wav,20,sad,validation
data/ravdess/Actor_20/03-01-04-01-02-02-20.wav,20,sad,validation
data/ravdess/Actor_20/03-01-04-02-01-01-20.wav,20,sad,validation
data/ravdess/Actor_20/03-01-04-02-01-02-20.wav,20,sad,validation
data/ravdess/Actor_20/03-01-04-02-02-01-20.wav,20,sad,validation
data/ravdess/Actor_20/03-01-04-02-02-02-20.wav,20,sad,validation
data/ravdess/Actor_20/03-01-05-01-01-01-20.wav,20,angry,validation
data/ravdess/Actor_20/03-01-05-01-01-02-20.wav,20,angry,validation
data/ravdess/Actor_20/03-01-05-01-02-01-20.wav,20,angry,validation
data/ravdess/Actor_20/03-01-05-01-02-02-20.wav,20,angry,validation
data/ravdess/Actor_20/03-01-05-02-01-01-20.wav,20,angry,validation
data/ravdess/Actor_20/03-01-05-02-01-02-20.wav,20,angry,validation
data/ravdess/Actor_20/03-01-05-02-02-01-20.wav,20,angry,validation
data/ravdess/Actor_20/03-01-05-02-02-02-20.wav,20,angry,validation
data/ravdess/Actor_21/03-01-01-01-01-01-21.wav,21,neutral,test
data/ravdess/Actor_21/03-01-01-01-01-02-21.wav,21,neutral,test
data/ravdess/Actor_21/03-01-01-01-02-01-21.wav,21,neutral,test
data/ravdess/Actor_21/03-01-01-01-02-02-21.wav,21,neutral,test
data/ravdess/Actor_21/03-01-03-01-01-01-21.wav,21,happy,test
data/ravdess/Actor_21/03-01-03-01-01-02-21.wav,21,happy,test
data/ravdess/Actor_21/03-01-03-01-02-01-21.wav,21,happy,test
data/ravdess/Actor_21/03-01-03-01-02-02-21.wav,21,happy,test
data/ravdess/Actor_21/03-01-03-02-01-01-21.wav,21,happy,test
data/ravdess/Actor_21/03-01-03-02-01-02-21.wav,21,happy,test
data/ravdess/Actor_21/03-01-03-02-02-01-21.wav,21,happy,test
data/ravdess/Actor_21/03-01-03-02-02-02-21.wav,21,happy,test
data/ravdess/Actor_21/03-01-04-01-01-01-21.wav,21,sad,test
data/ravdess/Actor_21/03-01-04-01-01-02-21.wav,21,sad,test
data/ravdess/Actor_21/03-01-04-01-02-01-21.wav,21,sad,test
data/ravdess/Actor_21/03-01-04-01-02-02-21.wav,21,sad,test
data/ravdess/Actor_21/03-01-04-02-01-01-21.wav,21,sad,test
data/ravdess/Actor_21/03-01-04-02-01-02-21.wav,21,sad,test
data/ravdess/Actor_21/03-01-04-02-02-01-21.wav,21,sad,test
data/ravdess/Actor_21/03-01-04-02-02-02-21.wav,21,sad,test
data/ravdess/Actor_21/03-01-05-01-01-01-21.wav,21,angry,test
data/ravdess/Actor_21/03-01-05-01-01-02-21.wav,21,angry,test
data/ravdess/Actor_21/03-01-05-01-02-01-21.wav,21,angry,test
data/ravdess/Actor_21/03-01-05-01-02-02-21.wav,21,angry,test
data/ravdess/Actor_21/03-01-05-02-01-01-21.wav,21,angry,test
data/ravdess/Actor_21/03-01-05-02-01-02-21.wav,21,angry,test
data/ravdess/Actor_21/03-01-05-02-02-01-21.wav,21,angry,test
data/ravdess/Actor_21/03-01-05-02-02-02-21.wav,21,angry,test
data/ravdess/Actor_22/03-01-01-01-01-01-22.wav,22,neutral,test
data/ravdess/Actor_22/03-01-01-01-01-02-22.wav,22,neutral,test
data/ravdess/Actor_22/03-01-01-01-02-01-22.wav,22,neutral,test
data/ravdess/Actor_22/03-01-01-01-02-02-22.wav,22,neutral,test
data/ravdess/Actor_22/03-01-03-01-01-01-22.wav,22,happy,test
data/ravdess/Actor_22/03-01-03-01-01-02-22.wav,22,happy,test
data/ravdess/Actor_22/03-01-03-01-02-01-22.wav,22,happy,test
data/ravdess/Actor_22/03-01-03-01-02-02-22.wav,22,happy,test
data/ravdess/Actor_22/03-01-03-02-01-01-22.wav,22,happy,test
data/ravdess/Actor_22/03-01-03-02-01-02-22.wav,22,happy,test
data/ravdess/Actor_22/03-01-03-02-02-01-22.wav,22,happy,test
data/ravdess/Actor_22/03-01-03-02-02-02-22.wav,22,happy,test
data/ravdess/Actor_22/03-01-04-01-01-01-22.wav,22,sad,test
data/ravdess/Actor_22/03-01-04-01-01-02-22.wav,22,sad,test
data/ravdess/Actor_22/03-01-04-01-02-01-22.wav,22,sad,test
data/ravdess/Actor_22/03-01-04-01-02-02-22.wav,22,sad,test
data/ravdess/Actor_22/03-01-04-02-01-01-22.wav,22,sad,test
data/ravdess/Actor_22/03-01-04-02-01-02-22.wav,22,sad,test
data/ravdess/Actor_22/03-01-04-02-02-01-22.wav,22,sad,test
data/ravdess/Actor_22/03-01-04-02-02-02-22.wav,22,sad,test
data/ravdess/Actor_22/03-01-05-01-01-01-22.wav,22,angry,test
data/ravdess/Actor_22/03-01-05-01-01-02-22.wav,22,angry,test
data/ravdess/Actor_22/03-01-05-01-02-01-22.wav,22,angry,test
data/ravdess/Actor_22/03-01-05-01-02-02-22.wav,22,angry,test
data/ravdess/Actor_22/03-01-05-02-01-01-22.wav,22,angry,test
data/ravdess/Actor_22/03-01-05-02-01-02-22.wav,22,angry,test
data/ravdess/Actor_22/03-01-05-02-02-01-22.wav,22,angry,test
data/ravdess/Actor_22/03-01-05-02-02-02-22.wav,22,angry,test
data/ravdess/Actor_23/03-01-01-01-01-01-23.wav,23,neutral,test
data/ravdess/Actor_23/03-01-01-01-01-02-23.wav,23,neutral,test
data/ravdess/Actor_23/03-01-01-01-02-01-23.wav,23,neutral,test
data/ravdess/Actor_23/03-01-01-01-02-02-23.wav,23,neutral,test
data/ravdess/Actor_23/03-01-03-01-01-01-23.wav,23,happy,test
data/ravdess/Actor_23/03-01-03-01-01-02-23.wav,23,happy,test
data/ravdess/Actor_23/03-01-03-01-02-01-23.wav,23,happy,test
data/ravdess/Actor_23/03-01-03-01-02-02-23.wav,23,happy,test
data/ravdess/Actor_23/03-01-03-02-01-01-23.wav,23,happy,test
data/ravdess/Actor_23/03-01-03-02-01-02-23.wav,23,happy,test
data/ravdess/Actor_23/03-01-03-02-02-01-23.wav,23,happy,test
data/ravdess/Actor_23/03-01-03-02-02-02-23.wav,23,happy,test
data/ravdess/Actor_23/03-01-04-01-01-01-23.wav,23,sad,test
data/ravdess/Actor_23/03-01-04-01-01-02-23.wav,23,sad,test
data/ravdess/Actor_23/03-01-04-01-02-01-23.wav,23,sad,test
data/ravdess/Actor_23/03-01-04-01-02-02-23.wav,23,sad,test
data/ravdess/Actor_23/03-01-04-02-01-01-23.wav,23,sad,test
data/ravdess/Actor_23/03-01-04-02-01-02-23.wav,23,sad,test
data/ravdess/Actor_23/03-01-04-02-02-01-23.wav,23,sad,test
data/ravdess/Actor_23/03-01-04-02-02-02-23.wav,23,sad,test
data/ravdess/Actor_23/03-01-05-01-01-01-23.wav,23,angry,test
data/ravdess/Actor_23/03-01-05-01-01-02-23.wav,23,angry,test
data/ravdess/Actor_23/03-01-05-01-02-01-23.wav,23,angry,test
data/ravdess/Actor_23/03-01-05-01-02-02-23.wav,23,angry,test
data/ravdess/Actor_23/03-01-05-02-01-01-23.wav,23,angry,test
data/ravdess/Actor_23/03-01-05-02-01-02-23.wav,23,angry,test
data/ravdess/Actor_23/03-01-05-02-02-01-23.wav,23,angry,test
data/ravdess/Actor_23/03-01-05-02-02-02-23.wav,23,angry,test
data/ravdess/Actor_24/03-01-01-01-01-01-24.wav,24,neutral,test
data/ravdess/Actor_24/03-01-01-01-01-02-24.wav,24,neutral,test
data/ravdess/Actor_24/03-01-01-01-02-01-24.wav,24,neutral,test
data/ravdess/Actor_24/03-01-01-01-02-02-24.wav,24,neutral,test
data/ravdess/Actor_24/03-01-03-01-01-01-24.wav,24,happy,test
data/ravdess/Actor_24/03-01-03-01-01-02-24.wav,24,happy,test
data/ravdess/Actor_24/03-01-03-01-02-01-24.wav,24,happy,test
data/ravdess/Actor_24/03-01-03-01-02-02-24.wav,24,happy,test
data/ravdess/Actor_24/03-01-03-02-01-01-24.wav,24,happy,test
data/ravdess/Actor_24/03-01-03-02-01-02-24.wav,24,happy,test
data/ravdess/Actor_24/03-01-03-02-02-01-24.wav,24,happy,test
data/ravdess/Actor_24/03-01-03-02-02-02-24.wav,24,happy,test
data/ravdess/Actor_24/03-01-04-01-01-01-24.wav,24,sad,test
data/ravdess/Actor_24/03-01-04-01-01-02-24.wav,24,sad,test
data/ravdess/Actor_24/03-01-04-01-02-01-24.wav,24,sad,test
data/ravdess/Actor_24/03-01-04-01-02-02-24.wav,24,sad,test
data/ravdess/Actor_24/03-01-04-02-01-01-24.wav,24,sad,test
data/ravdess/Actor_24/03-01-04-02-01-02-24.wav,24,sad,test
data/ravdess/Actor_24/03-01-04-02-02-01-24.wav,24,sad,test
data/ravdess/Actor_24/03-01-04-02-02-02-24.wav,24,sad,test
data/ravdess/Actor_24/03-01-05-01-01-01-24.wav,24,angry,test
data/ravdess/Actor_24/03-01-05-01-01-02-24.wav,24,angry,test
data/ravdess/Actor_24/03-01-05-01-02-01-24.wav,24,angry,test
data/ravdess/Actor_24/03-01-05-01-02-02-24.wav,24,angry,test
data/ravdess/Actor_24/03-01-05-02-01-01-24.wav,24,angry,test
data/ravdess/Actor_24/03-01-05-02-01-02-24.wav,24,angry,test
data/ravdess/Actor_24/03-01-05-02-02-01-24.wav,24,angry,test
data/ravdess/Actor_24/03-01-05-02-02-02-24.wav,24,angry,test
